"id_docente","nombre_docente"
1,Pedro Gómez
2,Profesor Común
3,Profesor Común
4,Profesor Común
5,Ana López
6,Profesor Común
7,Profesor Común
8,Pedro Torres
9,Marta Torres
10,Profesor Común
11,Profesor Común
12,
13,Profesor Común
14,Profesor Común
15,Marta Ruiz
16,Profesor Común
17,
18,Juan Ruiz
19,Profesor Común
20,Profesor Común
21,Luis López
22,Profesor Común
23,Juan Ruiz
24,Profesor Común
25,
26,Profesor Común
27,Luis Ruiz
28,Profesor Común
29,Profesor Común
30,Profesor Común
31,Profesor Común
32,Profesor Común
33,Profesor Común
34,Profesor Común
35,Profesor Común
36,
37,Profesor Común
38,Profesor Común
39,Marta Torres
40,
41,Pedro Gómez
42,Marta López
43,Ana Torres
44,Profesor Común
45,
46,Profesor Común
47,Profesor Común
48,Carolina Gómez
49,Profesor Común
50,Pedro Pérez
51,
52,
53,
54,Profesor Común
55,Profesor Común
56,Profesor Común
57,Profesor Común
58,Profesor Común
59,Profesor Común
60,Profesor Común
61,Ana Gómez
62,Profesor Común
63,Marta López
64,Profesor Común
65,Profesor Común
66,Profesor Común
67,Profesor Común
68,Profesor Común
69,Marta López
70,Profesor Común
71,Profesor Común
72,Profesor Común
73,Profesor Común
74,Luis Ruiz
75,
76,Luis Gómez
77,Juan Ruiz
78,
79,Profesor Común
80,Profesor Común
81,Profesor Común
82,Profesor Común
83,Juan Ruiz
84,Profesor Común
85,Profesor Común
86,Profesor Común
87,Profesor Común
88,Profesor Común
89,Profesor Común
90,Profesor Común
91,Profesor Común
92,Profesor Común
93,Profesor Común
94,Profesor Común
95,Pedro Ruiz
96,Luis López
97,
98,Ana López
99,Profesor Común
100,Pedro Torres
101,Profesor Común
102,
103,Profesor Común
104,Profesor Común
105,Profesor Común
106,Profesor Común
107,Profesor Común
108,Profesor Común
109,Profesor Común
110,Profesor Común
111,Profesor Común
112,
113,Profesor Común
114,
115,Profesor Común
116,Profesor Común
117,
118,Profesor Común
119,Carolina Gómez
120,Pedro Torres
121,Profesor Común
122,Profesor Común
123,Profesor Común
124,Profesor Común
125,Pedro Pérez
126,Marta Torres
127,Profesor Común
128,Profesor Común
129,Profesor Común
130,Profesor Común
131,Profesor Común
132,Profesor Común
133,Profesor Común
134,Profesor Común
135,Profesor Común
136,Luis Ruiz
137,Profesor Común
138,Profesor Común
139,Carolina Gómez
140,Juan Gómez
141,Profesor Común
142,Profesor Común
143,Profesor Común
144,Profesor Común
145,Profesor Común
146,Profesor Común
147,Profesor Común
148,Profesor Común
149,Pedro López
150,Profesor Común
151,Profesor Común
152,Juan Ruiz
153,Profesor Común
154,
155,
156,Profesor Común
157,Profesor Común
158,Profesor Común
159,Juan López
160,Profesor Común
161,Profesor Común
162,Profesor Común
163,Profesor Común
164,Marta Pérez
165,Profesor Común
166,
167,Profesor Común
168,Carolina López
169,Profesor Común
170,Profesor Común
171,
172,Profesor Común
173,Profesor Común
174,Profesor Común
175,Profesor Común
176,Profesor Común
177,
178,Profesor Común
179,Profesor Común
180,Luis Ruiz
181,Profesor Común
182,Profesor Común
183,
184,Profesor Común
185,Profesor Común
186,Profesor Común
187,Profesor Común
188,Profesor Común
189,Juan López
190,Profesor Común
191,Profesor Común
192,
193,Profesor Común
194,Profesor Común
195,Luis Torres
196,Luis López
197,Ana López
198,Profesor Común
199,Profesor Común
200,
201,
202,Profesor Común
203,Profesor Común
204,Profesor Común
205,Profesor Común
206,Profesor Común
207,Marta Torres
208,Profesor Común
209,
210,
211,Profesor Común
212,Profesor Común
213,Luis López
214,Profesor Común
215,Profesor Común
216,Profesor Común
217,Pedro Ruiz
218,Profesor Común
219,Profesor Común
220,Profesor Común
221,Profesor Común
222,Profesor Común
223,Profesor Común
224,
225,Ana López
226,
227,Profesor Común
228,Profesor Común
229,Pedro Gómez
230,Profesor Común
231,Profesor Común
232,Profesor Común
233,Carolina Gómez
234,Profesor Común
235,Marta Torres
236,Ana Pérez
237,Profesor Común
238,Marta Torres
239,Profesor Común
240,Profesor Común
241,Carolina López
242,Profesor Común
243,Ana Pérez
244,Profesor Común
245,Profesor Común
246,Profesor Común
247,Profesor Común
248,Pedro Ruiz
249,Profesor Común
250,Marta López
251,
252,Profesor Común
253,Profesor Común
254,Profesor Común
255,Profesor Común
256,Profesor Común
257,Marta Gómez
258,Profesor Común
259,Ana López
260,Ana López
261,Luis Ruiz
262,Carolina Pérez
263,Profesor Común
264,
265,
266,Profesor Común
267,Profesor Común
268,Profesor Común
269,Profesor Común
270,Profesor Común
271,
272,Profesor Común
273,Luis Torres
274,
275,Carolina Torres
276,Ana Ruiz
277,
278,Profesor Común
279,Ana Ruiz
280,Profesor Común
281,Profesor Común
282,Pedro Gómez
283,Luis Pérez
284,Profesor Común
285,Profesor Común
286,Luis Pérez
287,Profesor Común
288,Marta Torres
289,Profesor Común
290,Profesor Común
291,Pedro Torres
292,Profesor Común
293,Profesor Común
294,Profesor Común
295,Carolina Ruiz
296,Pedro López
297,Profesor Común
298,Profesor Común
299,Profesor Común
300,Profesor Común
301,Carolina Torres
302,Juan Ruiz
303,Profesor Común
304,Profesor Común
305,Profesor Común
306,Pedro Torres
307,
308,
309,Marta Pérez
310,Profesor Común
311,Profesor Común
312,Profesor Común
313,Marta Pérez
314,Profesor Común
315,Profesor Común
316,Profesor Común
317,Juan Pérez
318,Profesor Común
319,Juan López
320,Profesor Común
321,Profesor Común
322,Profesor Común
323,Profesor Común
324,Pedro Torres
325,Marta Gómez
326,Profesor Común
327,Profesor Común
328,Profesor Común
329,
330,Profesor Común
331,Profesor Común
332,Profesor Común
333,Juan López
334,Profesor Común
335,Profesor Común
336,Juan Ruiz
337,Profesor Común
338,Profesor Común
339,
340,Juan Torres
341,Pedro Torres
342,
343,Ana Gómez
344,Profesor Común
345,Profesor Común
346,Profesor Común
347,Profesor Común
348,
349,Profesor Común
350,Profesor Común
351,Profesor Común
352,Profesor Común
353,Profesor Común
354,Profesor Común
355,Carolina López
356,Profesor Común
357,Carolina López
358,
359,Profesor Común
360,Carolina Gómez
361,Profesor Común
362,Profesor Común
363,Profesor Común
364,Pedro Ruiz
365,Profesor Común
366,Profesor Común
367,Profesor Común
368,Profesor Común
369,Ana Ruiz
370,Profesor Común
371,Ana Torres
372,Ana Torres
373,Profesor Común
374,Carolina López
375,Marta Gómez
376,Profesor Común
377,Profesor Común
378,Profesor Común
379,Profesor Común
380,
381,Profesor Común
382,Profesor Común
383,Profesor Común
384,Juan Torres
385,Profesor Común
386,Juan Ruiz
387,Profesor Común
388,Profesor Común
389,Profesor Común
390,Profesor Común
391,Profesor Común
392,Ana Pérez
393,Profesor Común
394,Juan Gómez
395,Luis López
396,Marta Ruiz
397,Profesor Común
398,
399,Carolina Ruiz
400,Profesor Común
401,Profesor Común
402,
403,Marta Gómez
404,Profesor Común
405,Profesor Común
406,Ana Pérez
407,Profesor Común
408,Profesor Común
409,Profesor Común
410,Profesor Común
411,Profesor Común
412,Profesor Común
413,
414,Profesor Común
415,
416,Luis Gómez
417,
418,Profesor Común
419,Pedro López
420,
421,Profesor Común
422,Profesor Común
423,Profesor Común
424,Carolina Torres
425,Profesor Común
426,Profesor Común
427,Profesor Común
428,Juan Ruiz
429,Profesor Común
430,Ana Gómez
431,Profesor Común
432,Carolina Pérez
433,Profesor Común
434,Marta Pérez
435,Profesor Común
436,Profesor Común
437,Marta Gómez
438,Profesor Común
439,
440,Profesor Común
441,Profesor Común
442,Juan López
443,Profesor Común
444,Profesor Común
445,Pedro Ruiz
446,Profesor Común
447,Profesor Común
448,Profesor Común
449,Profesor Común
450,Profesor Común
451,Ana López
452,Profesor Común
453,Profesor Común
454,Luis Pérez
455,Juan Torres
456,Profesor Común
457,Profesor Común
458,
459,Profesor Común
460,Profesor Común
461,Profesor Común
462,Profesor Común
463,Profesor Común
464,Profesor Común
465,Juan López
466,Profesor Común
467,Marta Pérez
468,Ana Torres
469,Profesor Común
470,Juan López
471,Profesor Común
472,Profesor Común
473,Profesor Común
474,Profesor Común
475,Ana Torres
476,Profesor Común
477,Profesor Común
478,Profesor Común
479,Profesor Común
480,Marta Torres
481,
482,Profesor Común
483,Profesor Común
484,Profesor Común
485,Profesor Común
486,Profesor Común
487,
488,Profesor Común
489,Profesor Común
490,Carolina Ruiz
491,Profesor Común
492,Profesor Común
493,Profesor Común
494,Marta Ruiz
495,Profesor Común
496,Profesor Común
497,Ana Ruiz
498,Juan Gómez
499,Profesor Común
500,Luis López
501,Ana Gómez
502,Ana Ruiz
503,Profesor Común
504,Profesor Común
505,Profesor Común
506,Marta Torres
507,Profesor Común
508,Profesor Común
509,Profesor Común
510,Ana Gómez
511,Pedro Gómez
512,Profesor Común
513,Luis Torres
514,
515,Profesor Común
516,Profesor Común
517,Profesor Común
518,Profesor Común
519,Profesor Común
520,Profesor Común
521,Profesor Común
522,Profesor Común
523,Profesor Común
524,Juan Pérez
525,Profesor Común
526,Profesor Común
527,Profesor Común
528,Profesor Común
529,Profesor Común
530,
531,Marta Torres
532,Juan Pérez
533,Profesor Común
534,Profesor Común
535,Profesor Común
536,Ana Pérez
537,Profesor Común
538,Profesor Común
539,
540,Carolina Torres
541,Profesor Común
542,Profesor Común
543,Profesor Común
544,Profesor Común
545,Profesor Común
546,Pedro López
547,Juan Torres
548,Profesor Común
549,
550,Profesor Común
551,Profesor Común
552,Profesor Común
553,Profesor Común
554,Profesor Común
555,Profesor Común
556,Profesor Común
557,Juan Gómez
558,Profesor Común
559,Profesor Común
560,Juan Ruiz
561,Profesor Común
562,Profesor Común
563,Profesor Común
564,Pedro Ruiz
565,Profesor Común
566,Profesor Común
567,Profesor Común
568,Profesor Común
569,Profesor Común
570,
571,Profesor Común
572,Carolina Pérez
573,Pedro Ruiz
574,Profesor Común
575,Juan Gómez
576,Profesor Común
577,Profesor Común
578,Juan Pérez
579,Profesor Común
580,Ana Torres
581,Profesor Común
582,Profesor Común
583,Profesor Común
584,Profesor Común
585,Profesor Común
586,Carolina López
587,Ana López
588,Luis Torres
589,Profesor Común
590,Pedro Pérez
591,Profesor Común
592,Pedro Pérez
593,Profesor Común
594,
595,Profesor Común
596,Profesor Común
597,Profesor Común
598,Carolina Ruiz
599,Carolina Ruiz
600,Profesor Común
601,Juan Torres
602,Luis López
603,Profesor Común
604,Profesor Común
605,Profesor Común
606,Profesor Común
607,Ana Gómez
608,Marta Gómez
609,Profesor Común
610,Profesor Común
611,Profesor Común
612,Profesor Común
613,Profesor Común
614,Ana Torres
615,Pedro Pérez
616,Juan Gómez
617,Profesor Común
618,Profesor Común
619,Profesor Común
620,Profesor Común
621,Profesor Común
622,Profesor Común
623,Luis Ruiz
624,Profesor Común
625,
626,
627,Pedro Torres
628,Marta López
629,Profesor Común
630,Profesor Común
631,Profesor Común
632,Juan Torres
633,
634,Profesor Común
635,Ana Pérez
636,Profesor Común
637,Juan Pérez
638,Juan Ruiz
639,Profesor Común
640,Profesor Común
641,Profesor Común
642,Profesor Común
643,
644,Profesor Común
645,Profesor Común
646,Profesor Común
647,Carolina Torres
648,Profesor Común
649,Profesor Común
650,Profesor Común
651,Profesor Común
652,Profesor Común
653,Profesor Común
654,Profesor Común
655,Ana Torres
656,Profesor Común
657,Profesor Común
658,Profesor Común
659,Profesor Común
660,Carolina Torres
661,Profesor Común
662,Profesor Común
663,Profesor Común
664,Luis Torres
665,Profesor Común
666,Profesor Común
667,Profesor Común
668,Pedro Torres
669,Profesor Común
670,
671,Profesor Común
672,Profesor Común
673,Profesor Común
674,Marta Ruiz
675,Ana Gómez
676,Profesor Común
677,Profesor Común
678,Carolina Pérez
679,Luis Gómez
680,Pedro Ruiz
681,Pedro Pérez
682,Luis Pérez
683,Profesor Común
684,
685,Profesor Común
686,Marta Gómez
687,Profesor Común
688,Profesor Común
689,Juan López
690,Profesor Común
691,
692,
693,Profesor Común
694,Profesor Común
695,Marta Ruiz
696,Profesor Común
697,Profesor Común
698,Profesor Común
699,
700,Profesor Común
701,Profesor Común
702,Profesor Común
703,Profesor Común
704,Juan López
705,
706,Ana Pérez
707,Profesor Común
708,Profesor Común
709,Profesor Común
710,Juan Gómez
711,Profesor Común
712,Marta Gómez
713,Profesor Común
714,Profesor Común
715,Profesor Común
716,Profesor Común
717,Profesor Común
718,Profesor Común
719,Profesor Común
720,
721,Profesor Común
722,Profesor Común
723,Profesor Común
724,Profesor Común
725,Profesor Común
726,Profesor Común
727,Profesor Común
728,Profesor Común
729,Carolina Torres
730,Carolina López
731,
732,Ana Gómez
733,Pedro Gómez
734,Profesor Común
735,
736,Marta López
737,Luis López
738,Profesor Común
739,Profesor Común
740,Profesor Común
741,Profesor Común
742,Profesor Común
743,Profesor Común
744,Marta Torres
745,Profesor Común
746,Profesor Común
747,Profesor Común
748,Pedro Torres
749,
750,Profesor Común
751,Profesor Común
752,Carolina Ruiz
753,Marta López
754,Marta Torres
755,Profesor Común
756,Profesor Común
757,Profesor Común
758,Marta Torres
759,Profesor Común
760,Profesor Común
761,
762,Profesor Común
763,Profesor Común
764,Profesor Común
765,Profesor Común
766,Profesor Común
767,Profesor Común
768,Profesor Común
769,Profesor Común
770,Profesor Común
771,Luis Gómez
772,Profesor Común
773,Profesor Común
774,Pedro Gómez
775,Marta Pérez
776,Profesor Común
777,Carolina Pérez
778,Marta Ruiz
779,
780,Profesor Común
781,Ana Gómez
782,Profesor Común
783,Ana Pérez
784,Marta López
785,
786,Profesor Común
787,Profesor Común
788,Carolina López
789,Profesor Común
790,Profesor Común
791,Luis Ruiz
792,Marta Ruiz
793,Profesor Común
794,Carolina López
795,Profesor Común
796,Profesor Común
797,Carolina Torres
798,Carolina Ruiz
799,Profesor Común
800,Profesor Común
801,Ana Torres
802,Profesor Común
803,Ana López
804,Profesor Común
805,Profesor Común
806,
807,Profesor Común
808,Profesor Común
809,Profesor Común
810,Profesor Común
811,Profesor Común
812,Profesor Común
813,Luis López
814,Profesor Común
815,Profesor Común
816,Luis Torres
817,Profesor Común
818,Ana Torres
819,Carolina López
820,Profesor Común
821,Ana Gómez
822,Profesor Común
823,
824,Profesor Común
825,
826,
827,Profesor Común
828,Profesor Común
829,Luis Ruiz
830,Profesor Común
831,Profesor Común
832,Pedro Torres
833,
834,Profesor Común
835,Pedro López
836,Pedro Gómez
837,Profesor Común
838,Luis Pérez
839,Luis Gómez
840,Profesor Común
841,Profesor Común
842,Luis Torres
843,Profesor Común
844,
845,
846,Profesor Común
847,Profesor Común
848,Profesor Común
849,Profesor Común
850,Juan Torres
851,
852,Juan López
853,Luis Gómez
854,Pedro Pérez
855,Profesor Común
856,Luis Ruiz
857,
858,Profesor Común
859,Ana López
860,Profesor Común
861,Carolina López
862,Profesor Común
863,Profesor Común
864,Profesor Común
865,Pedro Ruiz
866,Pedro Ruiz
867,Profesor Común
868,Profesor Común
869,
870,Profesor Común
871,Profesor Común
872,Profesor Común
873,Marta Torres
874,Pedro Pérez
875,
876,Profesor Común
877,Profesor Común
878,Profesor Común
879,Profesor Común
880,Ana López
881,Profesor Común
882,Profesor Común
883,Profesor Común
884,Juan López
885,Profesor Común
886,Carolina Torres
887,Profesor Común
888,Marta Gómez
889,Luis Pérez
890,Profesor Común
891,Carolina Gómez
892,Profesor Común
893,Profesor Común
894,Profesor Común
895,Profesor Común
896,Profesor Común
897,Marta Pérez
898,Profesor Común
899,Profesor Común
900,Juan Pérez
901,Ana Gómez
902,Profesor Común
903,Profesor Común
904,Pedro Gómez
905,Carolina Pérez
906,
907,Profesor Común
908,Marta Gómez
909,Profesor Común
910,Luis Pérez
911,
912,Profesor Común
913,Profesor Común
914,Profesor Común
915,Profesor Común
916,Profesor Común
917,Marta López
918,Profesor Común
919,Profesor Común
920,Profesor Común
921,Profesor Común
922,Profesor Común
923,Juan Gómez
924,Profesor Común
925,Profesor Común
926,Profesor Común
927,Carolina López
928,Juan Torres
929,
930,Profesor Común
931,Profesor Común
932,Profesor Común
933,Profesor Común
934,Profesor Común
935,Profesor Común
936,Profesor Común
937,Profesor Común
938,Profesor Común
939,Profesor Común
940,Profesor Común
941,Luis Pérez
942,Profesor Común
943,Luis Ruiz
944,
945,Profesor Común
946,Juan López
947,Luis Pérez
948,Profesor Común
949,Profesor Común
950,Profesor Común
951,Profesor Común
952,Profesor Común
953,Profesor Común
954,Profesor Común
955,Carolina Torres
956,
957,Profesor Común
958,Profesor Común
959,Profesor Común
960,Profesor Común
961,Profesor Común
962,Ana Gómez
963,Juan Torres
964,
965,Carolina Ruiz
966,Carolina Pérez
967,
968,Profesor Común
969,Profesor Común
970,Profesor Común
971,
972,Profesor Común
973,Profesor Común
974,Profesor Común
975,Profesor Común
976,
977,Profesor Común
978,Profesor Común
979,Pedro Ruiz
980,Ana Pérez
981,Profesor Común
982,Juan Gómez
983,Juan Ruiz
984,Carolina Pérez
985,Profesor Común
986,Ana Pérez
987,Profesor Común
988,Luis Ruiz
989,Marta Gómez
990,Profesor Común
991,Profesor Común
992,Luis Ruiz
993,Profesor Común
994,Profesor Común
995,Profesor Común
996,Profesor Común
997,Profesor Común
998,Profesor Común
999,Profesor Común
1000,Juan Ruiz
