id_docente,nombre_docente
1,Pedro Gómez
5,Ana López
8,Pedro Torres
9,Marta Torres
15,Marta Ruiz
18,Juan Ruiz
21,Luis López
23,Juan Ruiz
27,Luis Ruiz
39,Marta Torres
41,Pedro Gómez
42,Marta López
43,Ana Torres
48,Carolina Gómez
50,Pedro Pérez
61,Ana Gómez
63,Marta López
69,Marta López
74,Luis Ruiz
76,Luis Gómez
77,Juan Ruiz
83,Juan Ruiz
95,Pedro Ruiz
96,Luis López
98,Ana López
100,Pedro Torres
119,Carolina Gómez
120,Pedro Torres
125,Pedro Pérez
126,Marta Torres
136,Luis Ruiz
139,Carolina Gómez
140,Juan Gómez
149,Pedro López
152,Juan Ruiz
159,Juan López
164,Marta Pérez
168,Carolina López
180,Luis Ruiz
189,Juan López
195,Luis Torres
196,Luis López
197,Ana López
207,Marta Torres
213,Luis López
217,Pedro Ruiz
225,Ana López
229,Pedro Gómez
233,Carolina Gómez
235,Marta Torres
236,Ana Pérez
238,Marta Torres
241,Carolina López
243,Ana Pérez
248,Pedro Ruiz
250,Marta López
257,Marta Gómez
259,Ana López
260,Ana López
261,Luis Ruiz
262,Carolina Pérez
273,Luis Torres
275,Carolina Torres
276,Ana Ruiz
279,Ana Ruiz
282,Pedro Gómez
283,Luis Pérez
286,Luis Pérez
288,Marta Torres
291,Pedro Torres
295,Carolina Ruiz
296,Pedro López
301,Carolina Torres
302,Juan Ruiz
306,Pedro Torres
309,Marta Pérez
313,Marta Pérez
317,Juan Pérez
319,Juan López
324,Pedro Torres
325,Marta Gómez
333,Juan López
336,Juan Ruiz
340,Juan Torres
341,Pedro Torres
343,Ana Gómez
355,Carolina López
357,Carolina López
360,Carolina Gómez
364,Pedro Ruiz
369,Ana Ruiz
371,Ana Torres
372,Ana Torres
374,Carolina López
375,Marta Gómez
384,Juan Torres
386,Juan Ruiz
392,Ana Pérez
394,Juan Gómez
395,Luis López
396,Marta Ruiz
399,Carolina Ruiz
403,Marta Gómez
406,Ana Pérez
416,Luis Gómez
419,Pedro López
424,Carolina Torres
428,Juan Ruiz
430,Ana Gómez
432,Carolina Pérez
434,Marta Pérez
437,Marta Gómez
442,Juan López
445,Pedro Ruiz
451,Ana López
454,Luis Pérez
455,Juan Torres
465,Juan López
467,Marta Pérez
468,Ana Torres
470,Juan López
475,Ana Torres
480,Marta Torres
490,Carolina Ruiz
494,Marta Ruiz
497,Ana Ruiz
498,Juan Gómez
500,Luis López
501,Ana Gómez
502,Ana Ruiz
506,Marta Torres
510,Ana Gómez
511,Pedro Gómez
513,Luis Torres
524,Juan Pérez
531,Marta Torres
532,Juan Pérez
536,Ana Pérez
540,Carolina Torres
546,Pedro López
547,Juan Torres
557,Juan Gómez
560,Juan Ruiz
564,Pedro Ruiz
572,Carolina Pérez
573,Pedro Ruiz
575,Juan Gómez
578,Juan Pérez
580,Ana Torres
586,Carolina López
587,Ana López
588,Luis Torres
590,Pedro Pérez
592,Pedro Pérez
598,Carolina Ruiz
599,Carolina Ruiz
601,Juan Torres
602,Luis López
607,Ana Gómez
608,Marta Gómez
614,Ana Torres
615,Pedro Pérez
616,Juan Gómez
623,Luis Ruiz
627,Pedro Torres
628,Marta López
632,Juan Torres
635,Ana Pérez
637,Juan Pérez
638,Juan Ruiz
647,Carolina Torres
655,Ana Torres
660,Carolina Torres
664,Luis Torres
668,Pedro Torres
674,Marta Ruiz
675,Ana Gómez
678,Carolina Pérez
679,Luis Gómez
680,Pedro Ruiz
681,Pedro Pérez
682,Luis Pérez
686,Marta Gómez
689,Juan López
695,Marta Ruiz
704,Juan López
706,Ana Pérez
710,Juan Gómez
712,Marta Gómez
729,Carolina Torres
730,Carolina López
732,Ana Gómez
733,Pedro Gómez
736,Marta López
737,Luis López
744,Marta Torres
748,Pedro Torres
752,Carolina Ruiz
753,Marta López
754,Marta Torres
758,Marta Torres
771,Luis Gómez
774,Pedro Gómez
775,Marta Pérez
777,Carolina Pérez
778,Marta Ruiz
781,Ana Gómez
783,Ana Pérez
784,Marta López
788,Carolina López
791,Luis Ruiz
792,Marta Ruiz
794,Carolina López
797,Carolina Torres
798,Carolina Ruiz
801,Ana Torres
803,Ana López
813,Luis López
816,Luis Torres
818,Ana Torres
819,Carolina López
821,Ana Gómez
829,Luis Ruiz
832,Pedro Torres
835,Pedro López
836,Pedro Gómez
838,Luis Pérez
839,Luis Gómez
842,Luis Torres
850,Juan Torres
852,Juan López
853,Luis Gómez
854,Pedro Pérez
856,Luis Ruiz
859,Ana López
861,Carolina López
865,Pedro Ruiz
866,Pedro Ruiz
873,Marta Torres
874,Pedro Pérez
880,Ana López
884,Juan López
886,Carolina Torres
888,Marta Gómez
889,Luis Pérez
891,Carolina Gómez
897,Marta Pérez
900,Juan Pérez
901,Ana Gómez
904,Pedro Gómez
905,Carolina Pérez
908,Marta Gómez
910,Luis Pérez
917,Marta López
923,Juan Gómez
927,Carolina López
928,Juan Torres
941,Luis Pérez
943,Luis Ruiz
946,Juan López
947,Luis Pérez
955,Carolina Torres
962,Ana Gómez
963,Juan Torres
965,Carolina Ruiz
966,Carolina Pérez
979,Pedro Ruiz
980,Ana Pérez
982,Juan Gómez
983,Juan Ruiz
984,Carolina Pérez
986,Ana Pérez
988,Luis Ruiz
989,Marta Gómez
992,Luis Ruiz
1000,Juan Ruiz
